{
  "default_positions": [0.000370285, 0.00674, -0.0543947, 0.198559, 0.0771282, 0.196674,
                        -0.000560409, 0.0226171, -0.0543705, 0.198467, 0.0777325, -0.196169,
                        -0.155049, 0.22, -0.000744687, 0,
                        -0.155061, -0.22, 0.000627983, 0],

  "target_positions": [0, 0, -0.55, 1.1, -0.55, 0,
                       0, 0, -0.55, 1.1, -0.55, 0,
                       0, 0, 0, 0,
                       0, 0, 0, 0],

  "init_bases": [0.23, 0.000626015, -0.79,
                 0.0008310058394614563, 0.7021868407893757, -0.0008479066390796499, 0.711991735279183],

  "init_kp": [0.5, 0.5, 0.5, 0.5, 0.5, 0.3,
              0.5, 0.5, 0.5, 0.5, 0.5, 0.3,
              0.5, 0.5, 0.3, 0.5,
              0.5, 0.5, 0.3, 0.5],

  "max_time" : 10000,

  "use_res" : true,
  "net_path" : {
    "origin": "src/fr_control/models/origin.onnx",
    "res": "src/fr_control/models/trimesh_z.onnx"
  }
}
